Location,Rate,Season
PkHi,0.29,Wet
PkHi,0.283,Wet
PkHi,0.272,Wet
PkHi,0.259,Wet
PkHi,0.245,Wet
PkHi,0.226,Wet
PkHi,0.224,Wet
PkHi,0.226,Wet
FanL,0.233,Wet
FanL,0.226,Wet
PkHi,0.204,Wet
PkHi,0.207,Wet
FanL,0.215,Wet
PkHi,0.192,Wet
FanL,0.204,Wet
PkHi,0.189,Wet
PkHi,0.184,Wet
FanL,0.194,Wet
FanL,0.189,Wet
PkHi,0.172,Wet
PkHi,0.177,Wet
PkHi,0.177,Wet
PkHi,0.168,Wet
FanL,0.179,Wet
PkHi,0.165,Wet
PkHi,0.157,Wet
PkHi,0.159,Wet
FanL,0.16,Wet
FanL,0.158,Wet
PkHi,0.138,Wet
FanL,0.145,Wet
FanL,0.149,Wet
FanL,0.141,Wet
PkHi,0.128,Wet
PkHi,0.124,Wet
FanL,0.133,Wet
TaiO,0.121,Wet
TaiO,0.122,Wet
TsLk,0.118,Wet
TaiO,0.115,Wet
PkHi,0.112,Wet
TsLk,0.113,Wet
FanL,0.122,Wet
FanL,0.127,Wet
TaiO,0.109,Wet
TaiO,0.109,Wet
FanL,0.121,Wet
FanL,0.121,Wet
FanL,0.123,Wet
TaiO,0.106,Wet
TaiO,0.106,Wet
TaiO,0.109,Wet
FanL,0.113,Wet
TaiO,0.106,Wet
FanL,0.116,Wet
FanL,0.118,Wet
TaiO,0.103,Wet
TaiO,0.097,Wet
TaiO,0.097,Wet
FanL,0.107,Wet
FanL,0.109,Wet
TaiO,0.102,Wet
PkHi,0.093,Wet
TaiO,0.095,Wet
TaiO,0.096,Wet
PkHi,0.09,Wet
TaiO,0.091,Wet
TaiO,0.093,Wet
TaiO,0.094,Wet
TaiO,0.096,Wet
FanL,0.105,Wet
FanL,0.105,Wet
PkHi,0.089,Wet
TsLk,0.089,Wet
TaiO,0.087,Wet
TaiO,0.091,Wet
TaiO,0.091,Wet
TaiO,0.092,Wet
FanL,0.102,Wet
PkHi,0.086,Wet
TsLk,0.084,Wet
TsLk,0.088,Wet
TaiO,0.091,Wet
FanL,0.097,Wet
FanL,0.098,Wet
PkHi,0.083,Wet
TsLk,0.083,Wet
TaiO,0.086,Wet
FanL,0.093,Wet
FanL,0.096,Wet
TsLk,0.083,Wet
TaiO,0.081,Wet
FanL,0.087,Wet
TaiO,0.085,Wet
TaiO,0.085,Wet
FanL,0.09,Wet
FanL,0.091,Wet
PkHi,0.076,Wet
TsLk,0.077,Wet
TsLk,0.075,Wet
TsLk,0.075,Wet
TaiO,0.076,Wet
TaiO,0.076,Wet
TaiO,0.079,Wet
TaiO,0.078,Wet
TaiO,0.08,Wet
TaiO,0.08,Wet
PkHi,0.074,Wet
TsLk,0.073,Wet
TsLk,0.073,Wet
TsLk,0.073,Wet
TsLk,0.073,Wet
TaiO,0.077,Wet
FanL,0.083,Wet
PkHi,0.07,Wet
PkHi,0.072,Wet
TsLk,0.076,Wet
TsLk,0.071,Wet
TsLk,0.071,Wet
TaiO,0.071,Wet
TaiO,0.072,Wet
TaiO,0.073,Wet
FanL,0.079,Wet
PkHi,0.067,Wet
TsLk,0.067,Wet
TsLk,0.07,Wet
TsLk,0.067,Wet
TsLk,0.067,Wet
TsLk,0.066,Wet
FanL,0.073,Wet
TaiO,0.067,Wet
TaiO,0.071,Wet
PkHi,0.065,Wet
TsLk,0.065,Wet
TsLk,0.064,Wet
FanL,0.07,Wet
TaiO,0.067,Wet
PkHi,0.061,Wet
PkHi,0.063,Wet
PkHi,0.063,Wet
PkHi,0.064,Wet
TsLk,0.061,Wet
TsLk,0.062,Wet
TsLk,0.061,Wet
TsLk,0.061,Wet
FanL,0.069,Wet
FanL,0.068,Wet
TaiO,0.065,Wet
FanL,0.071,Wet
PkHi,0.059,Wet
PkHi,0.059,Wet
TsLk,0.058,Wet
TsLk,0.058,Wet
TaiO,0.058,Wet
TaiO,0.06,Wet
TaiO,0.058,Wet
PkHi,0.056,Wet
TsLk,0.056,Wet
TsLk,0.056,Wet
TsLk,0.056,Wet
TsLk,0.059,Wet
TsLk,0.057,Wet
TaiO,0.059,Wet
FanL,0.061,Wet
PkHi,0.052,Wet
PkHi,0.052,Wet
TsLk,0.053,Wet
TsLk,0.052,Wet
TsLk,0.052,Wet
TsLk,0.052,Wet
TsLk,0.052,Wet
TsLk,0.052,Wet
TaiO,0.053,Wet
TaiO,0.055,Wet
PkHi,0.05,Wet
PkHi,0.052,Wet
TsLk,0.05,Wet
TsLk,0.054,Wet
TsLk,0.049,Wet
TsLk,0.049,Wet
TsLk,0.05,Wet
TaiO,0.05,Wet
TaiO,0.05,Wet
TsLk,0.047,Wet
TaiO,0.048,Wet
TaiO,0.047,Wet
TaiO,0.048,Wet
FanL,0.053,Wet
TaiO,0.05,Wet
TsLk,0.043,Wet
TsLk,0.045,Wet
TsLk,0.044,Wet
TsLk,0.044,Wet
FanL,0.049,Wet
TaiO,0.046,Wet
TaiO,0.046,Wet
FanL,0.051,Wet
FanL,0.05,Wet
PkHi,0.041,Wet
PkHi,0.041,Wet
TsLk,0.04,Wet
TsLk,0.041,Wet
TsLk,0.04,Wet
TsLk,0.044,Wet
TsLk,0.041,Wet
FanL,0.047,Wet
PkHi,0.038,Wet
PkHi,0.038,Wet
TsLk,0.037,Wet
TsLk,0.041,Wet
TsLk,0.038,Wet
TsLk,0.038,Wet
TaiO,0.039,Wet
TaiO,0.038,Wet
TaiO,0.041,Wet
FanL,0.043,Wet
TaiO,0.041,Wet
MaPkN,0.053,Wet
PkHi,0.036,Wet
PkHi,0.035,Wet
PkHi,0.036,Wet
TsLk,0.037,Wet
TsLk,0.036,Wet
TsLk,0.035,Wet
TaiO,0.037,Wet
FanL,0.038,Wet
FanL,0.039,Wet
FanL,0.039,Wet
FanL,0.041,Wet
MaPkN,0.048,Wet
PkHi,0.033,Wet
PkHi,0.032,Wet
PkHi,0.032,Wet
PkHi,0.033,Wet
TsLk,0.035,Wet
TsLk,0.034,Wet
TsLk,0.034,Wet
TsLk,0.033,Wet
TaiO,0.036,Wet
TaiO,0.034,Wet
TaiO,0.032,Wet
TaiO,0.032,Wet
FanL,0.036,Wet
FanL,0.036,Wet
FanL,0.037,Wet
MaPkN,0.045,Wet
PkHi,0.031,Wet
PkHi,0.03,Wet
PkHi,0.03,Wet
PkHi,0.029,Wet
TsLk,0.032,Wet
TsLk,0.03,Wet
TsLk,0.033,Wet
TsLk,0.033,Wet
TsLk,0.029,Wet
TsLk,0.029,Wet
TaiO,0.033,Wet
TaiO,0.03,Wet
TaiO,0.03,Wet
TaiO,0.03,Wet
FanL,0.032,Wet
FanL,0.033,Wet
FanL,0.034,Wet
FLSP,0.036,Wet
FLSP,0.036,Wet
MaPkN,0.04,Wet
MaPkN,0.04,Wet
MaPkN,0.04,Wet
MaPkN,0.04,Wet
PkHi,0.029,Wet
TsLk,0.032,Wet
TsLk,0.031,Wet
TsLk,0.031,Wet
TsLk,0.027,Wet
TaiO,0.032,Wet
TaiO,0.03,Wet
TaiO,0.028,Wet
TaiO,0.027,Wet
TaiO,0.028,Wet
FanL,0.03,Wet
FanL,0.03,Wet
FanL,0.03,Wet
FanL,0.03,Wet
FLSP,0.033,Wet
MaPkN,0.036,Wet
MaPkN,0.037,Wet
MaPkN,0.036,Wet
PkHi,0.025,Wet
PkHi,0.024,Wet
PkHi,0.023,Wet
PkHi,0.024,Wet
PkHi,0.023,Wet
PkHi,0.023,Wet
TsLk,0.026,Wet
TsLk,0.024,Wet
TaiO,0.033,Wet
TaiO,0.03,Wet
TsLk,0.024,Wet
TaiO,0.025,Wet
TsLk,0.024,Wet
FanL,0.026,Wet
FanL,0.027,Wet
FanL,0.027,Wet
FLSP,0.029,Wet
FLSP,0.029,Wet
FLSP,0.029,Wet
FLSP,0.029,Wet
FLSP,0.03,Wet
FLSP,0.03,Wet
MaPkN,0.032,Wet
MaPkN,0.032,Wet
PkHi,0.022,Wet
PkHi,0.022,Wet
PkHi,0.021,Wet
PkHi,0.021,Wet
PkHi,0.021,Wet
TsLk,0.027,Wet
TaiO,0.025,Wet
TaiO,0.023,Wet
TaiO,0.022,Wet
FanL,0.023,Wet
TaiO,0.022,Wet
FanL,0.023,Wet
FanL,0.023,Wet
FLSP,0.025,Wet
FLSP,0.025,Wet
FLSP,0.025,Wet
FLSP,0.025,Wet
FLSP,0.025,Wet
FLSP,0.025,Wet
FLSP,0.026,Wet
FLSP,0.026,Wet
MaPkN,0.028,Wet
MaPkN,0.028,Wet
MaPkN,0.028,Wet
MaPkN,0.028,Wet
MaPkN,0.028,Wet
MaPkN,0.028,Wet
MaPkN,0.028,Wet
ShPk,0.029,Wet
PkHi,0.026,Wet
PkHi,0.022,Wet
PkHi,0.021,Wet
PkHi,0.019,Wet
TsLk,0.031,Wet
TsLk,0.025,Wet
PkHi,0.018,Wet
TsLk,0.019,Wet
TsLk,0.018,Wet
TaiO,0.023,Wet
TaiO,0.02,Wet
TaiO,0.018,Wet
FanL,0.019,Wet
TaiO,0.019,Wet
FanL,0.02,Wet
TaiO,0.019,Wet
FanL,0.02,Wet
FanL,0.02,Wet
TaiO,0.018,Wet
FanL,0.02,Wet
TaiO,0.019,Wet
FanL,0.022,Wet
FanL,0.02,Wet
FLSP,0.022,Wet
FLSP,0.022,Wet
FLSP,0.022,Wet
FLSP,0.022,Wet
FLSP,0.022,Wet
FLSP,0.022,Wet
FLSP,0.022,Wet
FLSP,0.023,Wet
FLSP,0.022,Wet
MaPkN,0.024,Wet
MaPkN,0.024,Wet
MaPkN,0.024,Wet
MaPkN,0.024,Wet
MaPkN,0.024,Wet
MaPkN,0.024,Wet
MaPkN,0.024,Wet
MaPkN,0.024,Wet
MaPkN,0.024,Wet
MaPkN,0.024,Wet
ShPk,0.025,Wet
ShPk,0.025,Wet
ShPk,0.025,Wet
SokoM,0.027,Wet
SokoM,0.027,Wet
PkHi,0.034,Wet
PkHi,0.03,Wet
PkHi,0.015,Wet
TsLk,0.022,Wet
TsLk,0.018,Wet
TsLk,0.017,Wet
TaiO,0.025,Wet
TsLk,0.015,Wet
TsLk,0.015,Wet
TaiO,0.018,Wet
TaiO,0.015,Wet
FanL,0.017,Wet
TaiO,0.015,Wet
FanL,0.017,Wet
FLSP,0.018,Wet
FLSP,0.018,Wet
FLSP,0.018,Wet
FLSP,0.018,Wet
FLSP,0.019,Wet
FLSP,0.019,Wet
FLSP,0.019,Wet
FLSP,0.019,Wet
FLSP,0.019,Wet
MaPkN,0.02,Wet
MaPkN,0.02,Wet
MaPkN,0.02,Wet
MaPkN,0.02,Wet
MaPkN,0.02,Wet
MaPkN,0.02,Wet
MaPkN,0.02,Wet
MaPkN,0.02,Wet
ShPk,0.021,Wet
ShPk,0.021,Wet
ShPk,0.021,Wet
ShPk,0.021,Wet
SokoM,0.022,Wet
SokoM,0.022,Wet
SokoM,0.022,Wet
PkHi,0.023,Wet
PkHi,0.012,Wet
PkHi,0.012,Wet
TaiO,0.022,Wet
TsLk,0.012,Wet
TsLk,0.012,Wet
TaiO,0.015,Wet
TaiO,0.014,Wet
TaiO,0.013,Wet
FLSP,0.015,Wet
FLSP,0.014,Wet
FLSP,0.015,Wet
FLSP,0.015,Wet
FLSP,0.015,Wet
FLSP,0.015,Wet
FLSP,0.015,Wet
FLSP,0.015,Wet
FLSP,0.015,Wet
MaPkS,0.016,Wet
MaPkS,0.016,Wet
MaPkS,0.017,Wet
FLSP,0.015,Wet
FLSP,0.017,Wet
MaPkS,0.016,Wet
MaPkS,0.016,Wet
MaPkS,0.016,Wet
FLSP,0.015,Wet
FLSP,0.016,Wet
FLSP,0.017,Wet
FLSP,0.015,Wet
FLSP,0.015,Wet
FLSP,0.015,Wet
FLSP,0.015,Wet
FLSP,0.016,Wet
FLSP,0.018,Wet
FLSP,0.015,Wet
FLSP,0.015,Wet
FLSP,0.015,Wet
FLSP,0.017,Wet
MaPkN,0.016,Wet
MaPkN,0.016,Wet
MaPkN,0.016,Wet
MaPkM,0.047,Wet
MaPkN,0.016,Wet
MaPkN,0.016,Wet
MaPkM,0.023,Wet
MaPkN,0.016,Wet
MaPkN,0.016,Wet
MaPkN,0.016,Wet
MaPkN,0.016,Wet
MaPkN,0.016,Wet
MaPkN,0.02,Wet
ShPk,0.016,Wet
ShPk,0.017,Wet
ShPk,0.017,Wet
ShPk,0.017,Wet
ShPk,0.017,Wet
ShPk,0.017,Wet
ShPk,0.018,Wet
ShPk,0.017,Wet
ShPk,0.017,Wet
SokoM,0.018,Wet
SokoM,0.018,Wet
SokoM,0.018,Wet
SokoM,0.018,Wet
SokoM,0.018,Wet
SokoM,0.018,Wet
SokoM,0.018,Wet
SokoM,0.018,Wet
SokoM,0.018,Wet
SokoM,0.018,Wet
PkHi,0.021,Wet
TsLk,0.014,Wet
PkHi,0.009,Wet
TsLk,0.009,Wet
TsLk,0.009,Wet
TaiO,0.014,Wet
FanL,0.009,Wet
FLSP,0.011,Wet
FLSP,0.012,Wet
FLSP,0.011,Wet
FLSP,0.011,Wet
FLSP,0.012,Wet
FLSP,0.011,Wet
FLSP,0.011,Wet
FLSP,0.011,Wet
MaPkS,0.014,Wet
MaPkS,0.015,Wet
MaPkS,0.015,Wet
MaPkS,0.015,Wet
MaPkS,0.015,Wet
FLSP,0.012,Wet
MaPkS,0.012,Wet
FLSP,0.011,Wet
MaPkS,0.012,Wet
MaPkS,0.012,Wet
FLSP,0.013,Wet
FLSP,0.011,Wet
MaPkS,0.012,Wet
MaPkS,0.012,Wet
MaPkS,0.012,Wet
FLSP,0.012,Wet
MaPkS,0.012,Wet
FLSP,0.011,Wet
FLSP,0.011,Wet
FLSP,0.012,Wet
ShipL,0.017,Wet
MaPkN,0.012,Wet
MaPkM,0.028,Wet
MaPkN,0.012,Wet
MaPkN,0.012,Wet
MaPkN,0.012,Wet
MaPkM,0.015,Wet
MaPkN,0.012,Wet
MaPkN,0.012,Wet
MaPkM,0.013,Wet
MaPkN,0.012,Wet
MaPkN,0.018,Wet
MaPkN,0.013,Wet
ShipL,0.02,Wet
MaPkN,0.025,Wet
ShPk,0.012,Wet
ShPk,0.012,Wet
ShPk,0.012,Wet
ShPk,0.012,Wet
ShPk,0.012,Wet
ShPk,0.012,Wet
ShPk,0.012,Wet
ShPk,0.012,Wet
ShPk,0.012,Wet
ShPk,0.013,Wet
ShPk,0.012,Wet
ShPk,0.012,Wet
ShPk,0.013,Wet
ShPk,0.012,Wet
ShPk,0.012,Wet
ShPk,0.012,Wet
ShPk,0.013,Wet
ShPk,0.013,Wet
SokoM,0.013,Wet
SokoM,0.013,Wet
SokoM,0.013,Wet
SokoM,0.014,Wet
SokoM,0.014,Wet
SokoM,0.013,Wet
ChSh,0.032,Wet
ChSh,0.032,Wet
ChSh,0.032,Wet
ChSh,0.032,Wet
ChSh,0.032,Wet
ChSh,0.032,Wet
ChSh,0.032,Wet
ChSh,0.032,Wet
ChSh,0.032,Wet
ChSh,0.032,Wet
PkHi,0.006,Wet
TsLk,0.008,Wet
PkHi,0.006,Wet
TsLk,0.006,Wet
TsLk,0.006,Wet
TaiO,0.009,Wet
TaiO,0.008,Wet
TsLk,0.006,Wet
AirP,0.01,Wet
AirP,0.008,Wet
FLSP,0.01,Wet
FLSP,0.008,Wet
FLSP,0.007,Wet
FLSP,0.009,Wet
FLSP,0.007,Wet
FLSP,0.01,Wet
FLSP,0.008,Wet
FLSP,0.007,Wet
FLSP,0.01,Wet
FLSP,0.007,Wet
FLSP,0.009,Wet
FLSP,0.008,Wet
MaPkS,0.008,Wet
MaPkS,0.008,Wet
FLSP,0.008,Wet
MaPkS,0.008,Wet
MaPkS,0.008,Wet
MaPkS,0.008,Wet
MaPkS,0.008,Wet
MaPkS,0.008,Wet
MaPkS,0.008,Wet
MaPkS,0.008,Wet
MaPkS,0.008,Wet
MaPkS,0.008,Wet
FLSP,0.008,Wet
ShipL,0.011,Wet
ShipL,0.011,Wet
ShipL,0.012,Wet
ShipL,0.011,Wet
ShipL,0.011,Wet
MaPkN,0.008,Wet
MaPkM,0.029,Wet
MaPkS,0.01,Wet
MaPkM,0.023,Wet
MaPkM,0.027,Wet
MaPkS,0.013,Wet
MaPkN,0.008,Wet
MaPkN,0.008,Wet
MaPkM,0.016,Wet
MaPkM,0.018,Wet
MaPkS,0.017,Wet
MaPkM,0.011,Wet
MaPkM,0.009,Wet
MaPkN,0.008,Wet
MaPkN,0.008,Wet
ShipL,0.013,Wet
MaPkN,0.009,Wet
ShipL,0.014,Wet
ShipL,0.013,Wet
ShipL,0.013,Wet
ShPk,0.008,Wet
ShPk,0.009,Wet
ShPk,0.008,Wet
ShPk,0.008,Wet
ShPk,0.008,Wet
ShPk,0.008,Wet
ShPk,0.008,Wet
ShPk,0.008,Wet
ShPk,0.008,Wet
ShPk,0.009,Wet
ShPk,0.008,Wet
ShPk,0.008,Wet
ShPk,0.008,Wet
ShPk,0.008,Wet
ShPk,0.008,Wet
ShPk,0.008,Wet
ShPk,0.009,Wet
ShPk,0.008,Wet
ShPk,0.009,Wet
SokoM,0.009,Wet
SokoM,0.009,Wet
SokoM,0.009,Wet
SokoM,0.009,Wet
SokoM,0.009,Wet
SokoM,0.009,Wet
SokoM,0.009,Wet
SokoM,0.009,Wet
SokoM,0.009,Wet
SokoM,0.009,Wet
SokoN,0.017,Wet
SokoN,0.015,Wet
SokoN,0.017,Wet
SokoN,0.015,Wet
ChSh,0.021,Wet
ChSh,0.021,Wet
ChSh,0.021,Wet
ChSh,0.021,Wet
ChSh,0.021,Wet
ChSh,0.021,Wet
ChSh,0.022,Wet
ChSh,0.021,Wet
ChSh,0.021,Wet
ChSh,0.021,Wet
ChSh,0.021,Wet
ChSh,0.022,Wet
ChSh,0.022,Wet
ChSh,0.021,Wet
ChSh,0.021,Wet
ChSh,0.022,Wet
ChSh,0.022,Wet
ChSh,0.022,Wet
ChSh,0.022,Wet
ChSh,0.022,Wet
ChSh,0.022,Wet
FanL,0.132,Dry
FanL,0.126,Dry
FanL,0.12,Dry
FanL,0.116,Dry
FanL,0.11,Dry
FanL,0.097,Dry
FanL,0.099,Dry
FanL,0.092,Dry
PkHi,0.084,Dry
PkHi,0.084,Dry
PkHi,0.082,Dry
PkHi,0.078,Dry
FanL,0.082,Dry
PkHi,0.074,Dry
FanL,0.076,Dry
FanL,0.069,Dry
PkHi,0.062,Dry
PkHi,0.06,Dry
FanL,0.063,Dry
PkHi,0.058,Dry
PkHi,0.058,Dry
PkHi,0.054,Dry
PkHi,0.054,Dry
PkHi,0.055,Dry
FanL,0.058,Dry
FanL,0.058,Dry
FanL,0.058,Dry
FanL,0.06,Dry
FanL,0.06,Dry
FanL,0.055,Dry
FanL,0.057,Dry
PkHi,0.048,Dry
FanL,0.051,Dry
TaiO,0.048,Dry
TaiO,0.048,Dry
FanL,0.053,Dry
PkHi,0.045,Dry
TaiO,0.044,Dry
TaiO,0.044,Dry
TaiO,0.045,Dry
FanL,0.05,Dry
FanL,0.051,Dry
PkHi,0.043,Dry
PkHi,0.042,Dry
TaiO,0.041,Dry
TaiO,0.041,Dry
FanL,0.045,Dry
FanL,0.046,Dry
FanL,0.047,Dry
PkHi,0.038,Dry
TaiO,0.038,Dry
TaiO,0.038,Dry
TaiO,0.039,Dry
TaiO,0.038,Dry
TaiO,0.039,Dry
FanL,0.042,Dry
TaiO,0.04,Dry
TaiO,0.04,Dry
TaiO,0.04,Dry
TaiO,0.04,Dry
FanL,0.044,Dry
PkHi,0.035,Dry
PkHi,0.036,Dry
PkHi,0.035,Dry
PkHi,0.035,Dry
PkHi,0.036,Dry
TsLk,0.035,Dry
TaiO,0.036,Dry
FanL,0.039,Dry
FanL,0.04,Dry
TaiO,0.037,Dry
FanL,0.041,Dry
PkHi,0.032,Dry
PkHi,0.033,Dry
PkHi,0.032,Dry
PkHi,0.033,Dry
PkHi,0.032,Dry
PkHi,0.033,Dry
TsLk,0.032,Dry
TsLk,0.033,Dry
FanL,0.035,Dry
TaiO,0.033,Dry
FanL,0.036,Dry
FanL,0.036,Dry
TaiO,0.035,Dry
FanL,0.037,Dry
PkHi,0.029,Dry
PkHi,0.03,Dry
PkHi,0.03,Dry
PkHi,0.03,Dry
PkHi,0.031,Dry
PkHi,0.03,Dry
PkHi,0.03,Dry
TsLk,0.029,Dry
TsLk,0.029,Dry
TaiO,0.029,Dry
TaiO,0.029,Dry
TaiO,0.029,Dry
TaiO,0.03,Dry
TaiO,0.03,Dry
FanL,0.032,Dry
TaiO,0.03,Dry
FanL,0.033,Dry
TaiO,0.031,Dry
PkHi,0.029,Dry
PkHi,0.028,Dry
PkHi,0.027,Dry
PkHi,0.027,Dry
PkHi,0.026,Dry
PkHi,0.026,Dry
PkHi,0.027,Dry
PkHi,0.026,Dry
PkHi,0.027,Dry
PkHi,0.027,Dry
PkHi,0.027,Dry
TsLk,0.027,Dry
TsLk,0.026,Dry
TsLk,0.026,Dry
TaiO,0.026,Dry
FanL,0.029,Dry
TaiO,0.027,Dry
FanL,0.029,Dry
TaiO,0.028,Dry
TaiO,0.028,Dry
PkHi,0.024,Dry
PkHi,0.023,Dry
PkHi,0.023,Dry
PkHi,0.023,Dry
PkHi,0.023,Dry
PkHi,0.023,Dry
PkHi,0.023,Dry
PkHi,0.023,Dry
PkHi,0.024,Dry
TsLk,0.025,Dry
TsLk,0.023,Dry
TsLk,0.024,Dry
TsLk,0.024,Dry
TsLk,0.024,Dry
TsLk,0.024,Dry
TsLk,0.024,Dry
TsLk,0.023,Dry
TaiO,0.023,Dry
FanL,0.026,Dry
TaiO,0.024,Dry
FanL,0.026,Dry
TaiO,0.025,Dry
TaiO,0.024,Dry
FanL,0.026,Dry
FanL,0.027,Dry
FanL,0.027,Dry
FanL,0.027,Dry
PkHi,0.02,Dry
PkHi,0.02,Dry
PkHi,0.02,Dry
TsLk,0.02,Dry
TsLk,0.02,Dry
TsLk,0.021,Dry
TsLk,0.02,Dry
TaiO,0.022,Dry
TaiO,0.022,Dry
TaiO,0.026,Dry
TaiO,0.021,Dry
TaiO,0.021,Dry
TaiO,0.021,Dry
TaiO,0.022,Dry
TaiO,0.021,Dry
FanL,0.023,Dry
TaiO,0.022,Dry
FanL,0.023,Dry
PkHi,0.018,Dry
PkHi,0.018,Dry
PkHi,0.018,Dry
PkHi,0.018,Dry
TsLk,0.019,Dry
TsLk,0.019,Dry
TsLk,0.018,Dry
TsLk,0.019,Dry
TsLk,0.018,Dry
TsLk,0.018,Dry
TaiO,0.028,Dry
TaiO,0.019,Dry
TaiO,0.018,Dry
TaiO,0.018,Dry
FanL,0.019,Dry
TaiO,0.018,Dry
TaiO,0.019,Dry
TaiO,0.018,Dry
FanL,0.02,Dry
TaiO,0.019,Dry
TaiO,0.018,Dry
TaiO,0.018,Dry
FanL,0.02,Dry
PkHi,0.034,Dry
PkHi,0.019,Dry
PkHi,0.016,Dry
PkHi,0.015,Dry
PkHi,0.015,Dry
PkHi,0.015,Dry
PkHi,0.015,Dry
PkHi,0.015,Dry
PkHi,0.015,Dry
TsLk,0.017,Dry
TsLk,0.015,Dry
TsLk,0.015,Dry
TsLk,0.016,Dry
TsLk,0.015,Dry
TsLk,0.015,Dry
TsLk,0.015,Dry
TsLk,0.015,Dry
TsLk,0.015,Dry
TsLk,0.015,Dry
TsLk,0.015,Dry
TsLk,0.014,Dry
TsLk,0.015,Dry
TaiO,0.018,Dry
TaiO,0.017,Dry
TaiO,0.016,Dry
TaiO,0.02,Dry
TaiO,0.016,Dry
TaiO,0.015,Dry
TaiO,0.015,Dry
TaiO,0.016,Dry
TaiO,0.015,Dry
FanL,0.016,Dry
TaiO,0.016,Dry
TaiO,0.015,Dry
TaiO,0.015,Dry
TaiO,0.015,Dry
FanL,0.016,Dry
TaiO,0.015,Dry
FanL,0.016,Dry
TaiO,0.016,Dry
TaiO,0.015,Dry
FanL,0.017,Dry
TaiO,0.015,Dry
FanL,0.017,Dry
FanL,0.017,Dry
FLSP,0.019,Dry
MaPkN,0.02,Dry
MaPkN,0.02,Dry
PkHi,0.028,Dry
PkHi,0.017,Dry
PkHi,0.014,Dry
PkHi,0.013,Dry
PkHi,0.012,Dry
PkHi,0.012,Dry
PkHi,0.012,Dry
TsLk,0.013,Dry
TsLk,0.011,Dry
TsLk,0.012,Dry
TsLk,0.012,Dry
TsLk,0.013,Dry
TsLk,0.012,Dry
TsLk,0.012,Dry
TsLk,0.012,Dry
TsLk,0.012,Dry
TsLk,0.012,Dry
TsLk,0.012,Dry
TaiO,0.013,Dry
TaiO,0.013,Dry
TaiO,0.021,Dry
TaiO,0.015,Dry
TaiO,0.014,Dry
TaiO,0.013,Dry
TaiO,0.014,Dry
TaiO,0.013,Dry
TaiO,0.014,Dry
TaiO,0.013,Dry
TaiO,0.012,Dry
TaiO,0.012,Dry
TaiO,0.012,Dry
TaiO,0.012,Dry
FanL,0.013,Dry
FanL,0.013,Dry
FanL,0.013,Dry
FLSP,0.015,Dry
FLSP,0.015,Dry
FLSP,0.015,Dry
FLSP,0.015,Dry
FLSP,0.015,Dry
FLSP,0.015,Dry
FLSP,0.015,Dry
FLSP,0.015,Dry
MaPkN,0.016,Dry
MaPkN,0.016,Dry
MaPkN,0.016,Dry
MaPkN,0.016,Dry
MaPkN,0.016,Dry
MaPkN,0.016,Dry
MaPkN,0.016,Dry
MaPkN,0.016,Dry
MaPkN,0.016,Dry
MaPkN,0.016,Dry
PkHi,0.018,Dry
PkHi,0.009,Dry
PkHi,0.009,Dry
PkHi,0.009,Dry
TsLk,0.011,Dry
TsLk,0.01,Dry
PkHi,0.009,Dry
TsLk,0.011,Dry
TsLk,0.009,Dry
TsLk,0.01,Dry
TsLk,0.009,Dry
TsLk,0.009,Dry
TsLk,0.01,Dry
TsLk,0.009,Dry
TsLk,0.009,Dry
TsLk,0.009,Dry
TsLk,0.009,Dry
TsLk,0.009,Dry
TsLk,0.009,Dry
TsLk,0.009,Dry
TaiO,0.011,Dry
TsLk,0.009,Dry
TsLk,0.009,Dry
TaiO,0.014,Dry
TaiO,0.009,Dry
FanL,0.01,Dry
FanL,0.01,Dry
FanL,0.01,Dry
FanL,0.01,Dry
TaiO,0.009,Dry
FanL,0.01,Dry
FanL,0.01,Dry
FLSP,0.011,Dry
FLSP,0.011,Dry
FLSP,0.011,Dry
FLSP,0.011,Dry
FLSP,0.011,Dry
FLSP,0.011,Dry
FLSP,0.011,Dry
FLSP,0.011,Dry
FLSP,0.011,Dry
FLSP,0.011,Dry
FLSP,0.013,Dry
FLSP,0.012,Dry
FLSP,0.011,Dry
FLSP,0.011,Dry
FLSP,0.013,Dry
FLSP,0.011,Dry
FLSP,0.011,Dry
FLSP,0.013,Dry
FLSP,0.011,Dry
MaPkM,0.013,Dry
FLSP,0.012,Dry
FLSP,0.012,Dry
FLSP,0.011,Dry
FLSP,0.011,Dry
MaPkN,0.012,Dry
MaPkM,0.018,Dry
MaPkM,0.021,Dry
MaPkN,0.012,Dry
MaPkN,0.012,Dry
MaPkM,0.014,Dry
MaPkM,0.015,Dry
MaPkN,0.012,Dry
MaPkN,0.012,Dry
MaPkM,0.013,Dry
MaPkM,0.014,Dry
MaPkN,0.012,Dry
MaPkN,0.012,Dry
MaPkN,0.012,Dry
MaPkN,0.012,Dry
MaPkN,0.012,Dry
MaPkM,0.013,Dry
MaPkM,0.013,Dry
MaPkN,0.012,Dry
MaPkN,0.012,Dry
MaPkN,0.012,Dry
MaPkN,0.012,Dry
MaPkN,0.012,Dry
MaPkN,0.012,Dry
MaPkN,0.012,Dry
MaPkN,0.012,Dry
MaPkN,0.012,Dry
MaPkN,0.018,Dry
MaPkN,0.013,Dry
PkHi,0.011,Dry
TsLk,0.008,Dry
TsLk,0.006,Dry
TsLk,0.008,Dry
TsLk,0.007,Dry
TsLk,0.007,Dry
TsLk,0.006,Dry
TsLk,0.006,Dry
TsLk,0.006,Dry
TsLk,0.006,Dry
TsLk,0.006,Dry
TsLk,0.006,Dry
TsLk,0.006,Dry
TsLk,0.006,Dry
TaiO,0.01,Dry
TaiO,0.008,Dry
TsLk,0.006,Dry
TsLk,0.006,Dry
TsLk,0.006,Dry
TsLk,0.006,Dry
TsLk,0.006,Dry
TsLk,0.006,Dry
TsLk,0.006,Dry
FanL,0.006,Dry
FanL,0.006,Dry
FanL,0.007,Dry
FanL,0.007,Dry
FanL,0.007,Dry
FanL,0.007,Dry
FanL,0.007,Dry
FanL,0.007,Dry
FanL,0.007,Dry
FanL,0.007,Dry
FanL,0.007,Dry
FanL,0.007,Dry
FLSP,0.008,Dry
FLSP,0.007,Dry
FLSP,0.008,Dry
FLSP,0.007,Dry
FLSP,0.007,Dry
FLSP,0.007,Dry
FLSP,0.007,Dry
FLSP,0.007,Dry
FLSP,0.007,Dry
FLSP,0.007,Dry
FLSP,0.007,Dry
FLSP,0.008,Dry
FLSP,0.011,Dry
FLSP,0.01,Dry
FLSP,0.007,Dry
FLSP,0.01,Dry
FLSP,0.007,Dry
MaPkM,0.01,Dry
MaPkM,0.009,Dry
MaPkM,0.009,Dry
MaPkM,0.01,Dry
MaPkM,0.01,Dry
FLSP,0.008,Dry
FLSP,0.008,Dry
MaPkM,0.014,Dry
MaPkM,0.013,Dry
FLSP,0.008,Dry
MaPkM,0.018,Dry
MaPkN,0.008,Dry
MaPkN,0.008,Dry
MaPkN,0.008,Dry
MaPkN,0.008,Dry
MaPkN,0.008,Dry
MaPkN,0.008,Dry
MaPkM,0.01,Dry
MaPkN,0.008,Dry
MaPkN,0.008,Dry
MaPkN,0.008,Dry
MaPkM,0.009,Dry
MaPkN,0.008,Dry
MaPkN,0.008,Dry
MaPkN,0.008,Dry
MaPkM,0.009,Dry
MaPkN,0.008,Dry
MaPkN,0.008,Dry
MaPkM,0.009,Dry
MaPkM,0.009,Dry
MaPkM,0.009,Dry
MaPkN,0.008,Dry
MaPkN,0.008,Dry
MaPkM,0.008,Dry
MaPkM,0.009,Dry
MaPkM,0.009,Dry
MaPkN,0.008,Dry
MaPkN,0.008,Dry
MaPkN,0.01,Dry
MaPkN,0.009,Dry
MaPkN,0.008,Dry
ShPk,0.008,Dry
ShPk,0.008,Dry
ShPk,0.008,Dry
ShPk,0.008,Dry
ShPk,0.008,Dry
ShPk,0.008,Dry
ShPk,0.008,Dry
ShPk,0.008,Dry
ShPk,0.008,Dry
ShPk,0.008,Dry